{"_timestamp":1.7272060521735835e+09,"_runtime":0.8732658,"_step":7,"_wandb":{"runtime":0},"acc":0.7491211853033954,"loss":0.25676303850599214}