{"_timestamp":1.7272064344433117e+09,"_runtime":99.1318669,"_step":97,"_wandb":{"runtime":99},"acc":0.8281601222263566,"loss":0.17766446578382677}