{"loss":0.16684602413515498,"_timestamp":1.7272055954110172e+09,"_runtime":1.1973676,"_step":7,"_wandb":{"runtime":1},"acc":0.8704285401575959}