{"_runtime":0.9213262,"_step":7,"acc":0.8271105006137501,"loss":0.14833592815827928,"_wandb":{"runtime":0},"_timestamp":1.7272054281219053e+09}