{"_wandb":{"runtime":1},"loss":0.1926296094832671,"_timestamp":1.7272062950211654e+09,"_runtime":1.3124975,"_step":97,"acc":0.8011201902610999}