epoch,step,test_acc,test_loss
0,0,0.968999981880188,0.1204320415854454
